product_id,product_name,category,discounted_price,actual_price,discount_percentage,rating,rating_count,review_content
DEMO0001,"Northwind Nylon Braided USB-C to Lightning Fast Charging and Data Sync Cable Compatible for Phone 14, 13, 12, 11, Pad Air, Pro, Mini (1.5 M Pack of 1, Grey)",Computers&Accessories|Accessories&Peripherals|Cables&Accessories|Cables|USBCables,₹399,"₹1,099",64%,4.2,"24,269","Charging is fast, and the braid feels solid.,Held up better than the cable it replaced.,Good value for money, would buy again."
DEMO0001,"Northwind Nylon Braided USB-C to Lightning Fast Charging and Data Sync Cable Compatible for Phone 14, 13, 12, 11, Pad Air, Pro, Mini (1.5 M Pack of 1, Grey)",Computers&Accessories|Accessories&Peripherals|Cables&Accessories|Cables|USBCables,₹449,"₹1,099",59%,4.1,"24,270","Charging speed is fine but the cable is shorter than I expected.,Build quality is good, no complaints so far."
DEMO0002,"Kestrel 1.5L Stainless Steel Electric Kettle with Auto Shut-Off, Boil-Dry Protection, Concealed Heating Element and Cool-Touch Handle (Brushed Steel)",Home&Kitchen|Kitchen&HomeAppliances|SmallKitchenAppliances|Kettles,"₹1,249","₹2,499",50%,3.9,"7,928","Boils quickly and the handle stays cool.,The lid is stiff, I have to force it open every time.,Does the job for the price."
DEMO0003,"Halcyon Wireless Optical Mouse, 2.4 GHz with USB Nano Receiver, 1600 DPI, Silent Buttons, 12-Month Battery Life, Ambidextrous for PC / Mac / Laptop - Charcoal",Computers&Accessories|Accessories&Peripherals|Mice,₹699,"₹1,299",46%,3.4,"1,204","Battery life is poor — dead in three weeks.,Tracking is accurate on most surfaces though.,Buttons are genuinely silent."
DEMO0004,"Meridian 65W GaN Fast Charger with Dual Type-C and USB-A Ports, Foldable Pins, Compatible with Phones, Tablets and Laptops (White)",Electronics|Mobiles&Accessories|Chargers,₹899,"₹1,499",40%,2.4,918,"Stopped working after a month. Very disappointing.,Ran hot enough that I stopped using it.,Charged fast for the two weeks it lasted."
DEMO0005,"Alder 750W Sandwich Press with Non-Stick Plates, Automatic Temperature Control and Cool-Touch Body (Black)",Home&Kitchen|Kitchen&HomeAppliances|SmallKitchenAppliances|SandwichMakers,"₹1,899","₹2,999",37%,4.6,"3,410","Does its job perfectly. Only issue is that temperature control is not precise.,Easy to clean, ""non-stick"" really is non-stick.,Heats up in under two minutes."
DEMO0006,"Corvus LED Desk Lamp with Adjustable Arm, 5 Brightness Levels, 3 Colour Temperatures, Flicker-Free and Glare-Free Panel, USB Charging Port (Matte Black)",Home&Kitchen|HomeDecor|Lighting,"₹1,099","₹1,499",27%,3.5,442,"Light is even and glare-free.,The base wobbles on an uneven desk.,The USB port is a nice touch."
DEMO0007,"Pike Portable Bluetooth 5.3 Speaker with 24-Hour Playtime, IPX7 Waterproof Build, Deep Bass Radiator and Built-In Mic for Calls (Slate Blue)",Electronics|HomeAudio|Speakers,"₹2,499","₹4,999",50%,4.0,"12,003","Sound quality is excellent for the size.,Pairing was painless.,Bass is better than I expected from something this small."
DEMO0008,"Tarn Vacuum Insulated Stainless Steel Water Bottle 750ml, Keeps Drinks Cold 24 Hours and Hot 12 Hours, Leak-Proof Lid, BPA Free (Forest Green)",Home&Kitchen|Kitchen&Dining|Drinkware,₹749,₹999,25%,4.3,"2,110","Keeps drinks cold all day.,The cap leaked on the first trip, but it seated properly after that.,Feels sturdy."
DEMO0009,"Vale Aluminium Laptop Stand, Adjustable Height and Angle, Ventilated Design, Compatible with 11-17 Inch Laptops and Tablets (Space Grey)",OfficeProducts|OfficeElectronics|Accessories,"₹1,599","₹2,199",27%,4.4,876,"Sturdy and lifts the screen to a comfortable height.,Assembly took a minute, no tools needed.,Stopped my neck ache."
DEMO0010,"Rowan Mechanical Keyboard, 87 Keys TKL Layout, Hot-Swappable Blue Switches, White Backlight, Detachable Type-C Cable, for Windows and Mac (Graphite)",Computers&Accessories|Accessories&Peripherals|Keyboards,"₹4,499","₹6,999",36%,4.4,"5,671","Typing feel is excellent and the switches are satisfying.,Louder than I expected — not for a shared office.,Backlight is even across the board."
DEMO0011,"Wren Cable Management Organiser Box with Silicone Clips and Adhesive Base, Fits Power Strips and Chargers, Fire-Retardant ABS (White)",Computers&Accessories|Accessories&Peripherals|CableManagement,₹299,₹499,40%,4.0,320,"Keeps the desk tidy, does exactly what it says.,Adhesive held on a painted wall.,Wish it came in a larger size."
DEMO0012,"Marlow Fitness Smart Watch with 1.85 Inch HD Display, Bluetooth Calling, 100+ Sports Modes, SpO2 and Heart Rate Monitoring, 7-Day Battery (Midnight Black)",Electronics|WearableTechnology|SmartWatches,"₹1,999","₹5,999",67%,4.1,"18,442","Battery genuinely lasts a week.,Call quality over the watch is average at best.,Step tracking matches my phone closely."
DEMO0013,"Thicket A5 Hardbound Dotted Notebook, 160 GSM Bleed-Proof Paper, 192 Pages, Lay-Flat Binding, Elastic Closure and Ribbon Marker (Ochre)",OfficeProducts|OfficePaperProducts|Notebooks,₹549,₹899,39%,4.5,"1,876","Paper handles fountain pen ink without bleeding.,Lies flat from the first page.,The elastic is a little loose."
DEMO0014,"Fenwick 1200W Handheld Garment Steamer with 260ml Tank, 30-Second Heat-Up, Vertical and Horizontal Steaming, Fabric Brush Included (Teal)",Home&Kitchen|Kitchen&HomeAppliances|Irons&Steamers,"₹1,749","₹2,899",40%,3.2,634,"Leaks water onto the fabric if you tilt it too far.,Heats up quickly.,Fine for touch-ups, not for a full shirt."
DEMO0015,"Ashgrove 65W USB-C to USB-C Braided Charging Cable, 5A Fast Charge, 240W Rated, 2 Metre, Compatible with Laptops, Phones and Tablets (Midnight Blue)",Computers&Accessories|Accessories&Peripherals|Cables&Accessories|Cables|USBCables,₹649,"₹1,199",46%,4.2,"9,510","Charges my laptop at full speed.,Braiding has not frayed after six months.,Slightly stiff to coil."
DEMO0016,"Lowry Wireless Keyboard and Mouse Combo for Windows and Mac, 2.4 GHz, Full-Size Layout with Number Pad, 24-Month Keyboard Battery Life (Black)",Computers&Accessories|Accessories&Peripherals|Keyboards,"₹1,899","₹2,999",37%,3.8,"4,203","Keys are quiet and comfortable for long sessions.,The mouse feels cheap next to the keyboard.,Single receiver for both is convenient."
DEMO0017,"Bramble Ceramic Pour-Over Coffee Dripper with Reusable Stainless Steel Filter, Fits Cups and Carafes up to 600ml, Dishwasher Safe (Cream)",Home&Kitchen|Kitchen&Dining|CoffeeTea,₹899,"₹1,299",31%,4.7,"1,102","Brews a clean cup without paper filters.,The ceramic feels substantial.,Filter is easy to rinse out."
DEMO0018,"Quarry 20000mAh Power Bank with 22.5W Fast Charging, Dual USB-A and Type-C Output, LED Charge Indicator, Airline Safe (Gunmetal)",Electronics|Mobiles&Accessories|PowerBanks,"₹1,499","₹2,999",50%,2.9,"3,318","Takes most of a day to recharge itself.,Capacity is nowhere near what is claimed.,Does charge two phones at once, at least."
DEMO0019,"Sedge Over-Ear Wireless Headphones with Active Noise Cancellation, 40-Hour Playtime, Memory Foam Cushions and Low-Latency Gaming Mode (Sand)",Electronics|HomeAudio|Headphones,"₹3,299","₹6,499",49%,4.2,"7,655","Noise cancellation handles a commute well.,Clamping force is tight for the first week.,Battery easily lasts a working week."
DEMO0020,"Harrow Non-Stick Cast Aluminium Frying Pan 24cm with Induction Base, Stay-Cool Bakelite Handle and Scratch-Resistant Coating (Granite)",Home&Kitchen|Kitchen&Dining|Cookware,"₹1,199","₹2,199",45%,3.3,988,"Coating started flaking after four months.,Heats evenly across the base.,Handle stays cool as promised."
DEMO0021,Ferry Universal TV Remote,Electronics|Accessories|RemoteControls,₹299,₹499,40%,4.0,512,"Worked with my TV straight out of the box.,Buttons are a little small."
DEMO0022,"Glimmer Tempered Glass Screen Protector Compatible for Phone 14 / 14 Pro, 9H Hardness, Edge to Edge Coverage, Installation Frame Included (Pack of 2)",Electronics|Mobiles&Accessories|ScreenProtectors,₹399,₹999,60%,4.1,"6,204","Installation frame made it foolproof.,No bubbles after two days.,Second one cracked in my bag before I used it."
DEMO0023,"Bracken 10L Storage Water Heater 5 Star Rated with Advanced Three-Level Safety, Rust-Proof Tank and Adjustable Thermostat (Ivory)",Home&Kitchen|Kitchen&HomeAppliances|WaterHeaters,"₹6,499","₹9,999",35%,4.3,"2,447","Heats 10 litres in about eight minutes.,Installation was not included, budget for a plumber.,No leaks after a year."
DEMO0024,"Selkirk 1.2m HDMI 2.1 Cable, 48Gbps, 8K at 60Hz and 4K at 120Hz, Braided Jacket, Compatible with Consoles, Monitors and Soundbars (Black)",Electronics|Accessories|Cables,₹599,"₹1,299",54%,4.4,"3,902","Handles 4K 120Hz on a console without dropouts.,Braiding is stiff but well made."
,Foxglove Desk Mat Extended Size,OfficeProducts|OfficeElectronics|Accessories,₹599,₹999,40%,4.0,220,"Covers the whole desk and stops the mouse skipping."
DEMO0026,"Larkspur Bluetooth Earbuds with Charging Case, 30-Hour Total Playtime, Touch Controls and IPX5 Water Resistance (Pearl)",Electronics|HomeAudio|Earbuds,"₹1,299","₹2,499",48%,4.2,"4,880",""
DEMO0027,"Nettle Adjustable Monitor Riser with Storage Drawer, Fits Monitors up to 27 Inches, Bamboo Finish",OfficeProducts|OfficeElectronics|Accessories,"₹1,399","₹1,999",30%,|,760,"Lifts the monitor to eye level and hides the keyboard underneath."
DEMO0028,"Yarrow Silicone Baking Mat Set of 2, Reusable Non-Stick Sheets, Oven Safe to 230C, Fits Standard Trays",Home&Kitchen|Kitchen&Dining|Bakeware,₹499,₹899,44%,,"1,455","Nothing sticks and cleanup is a rinse.,Curls slightly at the edges when new."
